surname,team,position,minutes,shots,passes,tackles,saves,number of passes per minute played,,,,,Which team has the highest average number of passes per minute played,
Sapara,Slovakia,midfielder,2,0,5,0,0,2.50,,,,,,
Inamoto,Japan,midfielder,3,0,5,0,0,1.67,,,,,Slovakia,2.5
Amorim,Portugal,midfielder,5,1,7,0,0,1.40,,,,,,
Veron,Argentina,midfielder,185,3,235,10,0,1.27,,,,,,
Fabregas,Spain,midfielder,94,1,116,2,0,1.23,,,,,,
Pastore,Argentina,midfielder,37,2,44,3,0,1.19,,,,,,
Josue,Brazil,midfielder,46,0,54,1,0,1.17,,,,,,
Veloso,Portugal,midfielder,26,1,30,1,0,1.15,,,,,,
Xavi,Spain,midfielder,515,4,563,6,0,1.09,,,,,,
Afellay,Netherlands,midfielder,21,5,22,0,0,1.05,,,,,,
Mesbah,Algeria,midfielder,1,0,1,0,0,1.00,,,,,,
Javi Martuenez,Spain,midfielder,17,0,17,0,0,1.00,,,,,,
Bolatti,Argentina,midfielder,98,2,97,4,0,0.99,,,,,,
Jedinak,Australia,midfielder,16,0,15,0,0,0.94,,,,,,
Arbeloa,Spain,defender,13,0,12,0,0,0.92,,,,,,
Alonso,Spain,midfielder,506,9,465,18,0,0.92,,,,,,
Busquets,Spain,midfielder,511,0,466,15,0,0.91,,,,,,
Melo,Brazil,midfielder,291,2,249,12,0,0.86,,,,,,
Chedjou,Cameroon,midfielder,90,2,77,2,0,0.86,,,,,,
Romaric,Ivory Coast,midfielder,98,5,82,4,0,0.84,,,,,,
Pirlo,Italy,midfielder,34,0,28,0,0,0.82,,,,,,
Palermo,Argentina,forward,10,3,8,0,0,0.80,,,,,,
Rodriguez,Argentina,defender,90,1,72,1,0,0.80,,,,,,
Grafite,Brazil,forward,5,0,4,0,0,0.80,,,,,,
Ortigoza,Paraguay,midfielder,75,0,60,5,0,0.80,,,,,,
Juan Mata,Spain,midfielder,20,1,16,0,0,0.80,,,,,,
Schweinsteiger,Germany,midfielder,531,5,423,23,0,0.80,,,,,,
Caceres,Paraguay,defender,90,0,71,0,0,0.79,,,,,,
de Zeeuw,Netherlands,midfielder,47,0,37,2,0,0.79,,,,,,
Makoun,Cameroon,midfielder,210,4,164,2,0,0.78,,,,,,
Kopunek,Slovakia,midfielder,22,1,17,0,0,0.77,,,,,,
De Rossi,Italy,midfielder,270,3,204,9,0,0.76,,,,,,
Komac,Slovenia,midfielder,4,0,3,1,0,0.75,,,,,,
Shaqiri,Switzerland,midfielder,12,0,9,0,0,0.75,,,,,,
Pique,Spain,defender,540,2,402,15,0,0.74,,,,,,
Kozak,Slovakia,midfielder,90,0,66,3,0,0.73,,,,,,
Yaya Toure,Ivory Coast,midfielder,270,3,197,5,0,0.73,,,,,,
Deco,Portugal,midfielder,62,0,45,1,0,0.73,,,,,,
Kiessling,Germany,forward,7,0,5,0,0,0.71,,,,,,
Fernandez,Uruguay,forward,7,0,5,0,0,0.71,,,,,,
Messi,Argentina,forward,450,21,321,10,0,0.71,,,,,,
Torres,USA,midfielder,45,1,32,0,0,0.71,,,,,,
Torrado,Mexico,midfielder,360,1,253,22,0,0.70,,,,,,
Daniel Alves,Brazil,defender,310,11,215,6,0,0.69,,,,,,
Shunsuke Nakamura,Japan,midfielder,26,0,18,1,0,0.69,,,,,,
Montolivo,Italy,midfielder,236,8,163,9,0,0.69,,,,,,
Pedro Rodriguez,Spain,midfielder,116,5,80,0,0,0.69,,,,,,
Iniesta,Spain,midfielder,437,8,299,11,0,0.68,,,,,,
Marquez,Mexico,defender,360,6,244,14,0,0.68,,,,,,
Jakob Poulsen,Denmark,midfielder,60,2,40,0,0,0.67,,,,,,
Lahm,Germany,defender,540,0,360,17,0,0.67,,,,,,
Moriri,South Africa,midfielder,33,0,22,0,0,0.67,,,,,,
Gilberto Silva,Brazil,midfielder,450,3,299,11,0,0.66,,,,,,
Christian Poulsen,Denmark,midfielder,270,1,179,7,0,0.66,,,,,,
Mascherano,Argentina,midfielder,360,0,237,19,0,0.66,,,,,,
Alexandre Song,Cameroon,midfielder,90,1,59,7,0,0.66,,,,,,
Carmona,Chile,midfielder,270,1,175,9,0,0.65,,,,,,
Guardado,Mexico,midfielder,142,5,92,2,0,0.65,,,,,,
Barry,England,midfielder,264,2,171,8,0,0.65,,,,,,
Tello,Chile,midfielder,45,0,29,1,0,0.64,,,,,,
Lampard,England,midfielder,360,11,232,3,0,0.64,,,,,,
Millar,Chile,midfielder,125,1,80,3,0,0.64,,,,,,
Castro,Mexico,midfielder,33,0,21,1,0,0.64,,,,,,
Silva,Spain,midfielder,66,2,42,2,0,0.64,,,,,,
Gerrard,England,midfielder,360,10,227,5,0,0.63,,,,,,
Maxi Rodriguez,Argentina,midfielder,346,2,218,9,0,0.63,,,,,,
Owusu-Abeyie,Ghana,forward,35,2,22,0,0,0.63,,,,,,
Terry,England,defender,360,2,223,3,0,0.62,,,,,,
Khuboni,South Africa,midfielder,78,1,48,1,0,0.62,,,,,,
Stankovic,Serbia,midfielder,270,3,165,5,0,0.61,,,,,,
Jara,Chile,defender,308,1,187,8,0,0.61,,,,,,
Letsholonyane,South Africa,midfielder,147,0,89,6,0,0.61,,,,,,
Jansen,Germany,defender,73,1,44,3,0,0.60,,,,,,
Annan,Ghana,midfielder,510,4,307,11,0,0.60,,,,,,
N'Koulou,Cameroon,defender,253,0,152,4,0,0.60,,,,,,
Koren,Slovenia,midfielder,270,3,162,3,0,0.60,,,,,,
Dikgacoi,South Africa,midfielder,180,2,108,4,0,0.60,,,,,,
Lukovic,Serbia,defender,164,1,98,6,0,0.60,,,,,,
Camoranesi,Italy,midfielder,76,2,45,2,0,0.59,,,,,,
Joe Cole,England,midfielder,44,1,26,0,0,0.59,,,,,,
Rodrueguez,Mexico,defender,360,2,212,7,0,0.59,,,,,,
Mathijsen,Netherlands,defender,450,1,265,8,0,0.59,,,,,,
Matip,Cameroon,defender,63,0,37,3,0,0.59,,,,,,
Edu,USA,midfielder,198,2,116,4,0,0.59,,,,,,
Lacen,Algeria,midfielder,270,0,158,8,0,0.59,,,,,,
Vidic,Serbia,defender,270,2,158,7,0,0.59,,,,,,
Karagounis,Greece,midfielder,180,4,105,7,0,0.58,,,,,,
Vidal,Chile,defender,306,6,178,17,0,0.58,,,,,,
Kroos,Germany,midfielder,50,2,29,4,0,0.58,,,,,,
Modise,South Africa,midfielder,192,5,111,4,0,0.58,,,,,,
Miguel,Portugal,defender,90,1,52,2,0,0.58,,,,,,
Chiellini,Italy,defender,270,2,155,7,0,0.57,,,,,,
Capdevila,Spain,defender,540,1,310,10,0,0.57,,,,,,
Kuzmanovic,Serbia,midfielder,180,4,103,1,0,0.57,,,,,,
Kroldrup,Denmark,defender,56,1,32,0,0,0.57,,,,,,
Kim Jae-Sung,South Korea,midfielder,65,0,37,0,0,0.57,,,,,,
Ninkovic,Serbia,midfielder,160,1,91,2,0,0.57,,,,,,
van Bommel,Netherlands,midfielder,540,2,307,31,0,0.57,,,,,,
Ramos,Spain,defender,527,9,299,7,0,0.57,,,,,,
Culina,Australia,midfielder,270,4,153,0,0,0.57,,,,,,
N'Guemo,Cameroon,midfielder,90,1,51,1,0,0.57,,,,,,
Tziolis,Greece,midfielder,270,2,153,8,0,0.57,,,,,,
Choe Kum-Chol,North Korea,forward,23,1,13,0,0,0.57,,,,,,
Milijas,Serbia,midfielder,62,0,35,3,0,0.56,,,,,,
Otamendi,Argentina,defender,250,0,141,6,0,0.56,,,,,,
Aguilar,Mexico,defender,55,0,31,2,0,0.56,,,,,,
Osorio,Mexico,defender,360,1,202,14,0,0.56,,,,,,
Skrtel,Slovakia,defender,360,0,202,4,0,0.56,,,,,,
de Jong,Netherlands,midfielder,448,1,250,15,0,0.56,,,,,,
Boka,Ivory Coast,defender,90,2,50,5,0,0.56,,,,,,
Ki Sung-Yong,South Korea,midfielder,292,2,162,6,0,0.55,,,,,,
Maicon,Brazil,defender,450,6,249,11,0,0.55,,,,,,
Valeri,Australia,midfielder,245,0,135,5,0,0.55,,,,,,
Trochowski,Germany,midfielder,109,1,60,5,0,0.55,,,,,,
Carragher,England,defender,135,0,74,4,0,0.55,,,,,,
Tiote,Ivory Coast,midfielder,270,3,148,8,0,0.55,,,,,,
Juarez,Mexico,defender,235,0,128,6,0,0.54,,,,,,
Toulalan,France,midfielder,180,1,98,9,0,0.54,,,,,,
Belhadj,Algeria,defender,270,1,146,8,0,0.54,,,,,,
Gonzalez,Uruguay,midfielder,63,0,34,2,0,0.54,,,,,,
Khedira,Germany,midfielder,517,6,279,16,0,0.54,,,,,,
Bradley,USA,midfielder,390,6,210,9,0,0.54,,,,,,
Aguero,Argentina,forward,106,2,57,2,0,0.54,,,,,,
Blanco,Mexico,forward,112,2,60,3,0,0.54,,,,,,
Ozil,Germany,midfielder,497,7,266,3,0,0.54,,,,,,
Michel Bastos,Brazil,defender,422,7,224,14,0,0.53,,,,,,
Van der Wiel,Netherlands,defender,360,0,189,2,0,0.53,,,,,,
Sneijder,Netherlands,midfielder,532,15,279,7,0,0.52,,,,,,
Valbuena,France,midfielder,21,1,11,1,0,0.52,,,,,,
Mendes,Portugal,midfielder,224,0,117,9,0,0.52,,,,,,
Heinze,Argentina,defender,360,3,188,6,0,0.52,,,,,,
Mertesacker,Germany,defender,540,0,282,9,0,0.52,,,,,,
Tiago,Portugal,midfielder,298,6,155,15,0,0.52,,,,,,
Jesus Navas,Spain,midfielder,118,4,61,1,0,0.52,,,,,,
Upson,England,defender,180,1,93,4,0,0.52,,,,,,
Muntari,Ghana,midfielder,134,5,69,3,0,0.51,,,,,,
Appiah,Ghana,midfielder,105,1,54,2,0,0.51,,,,,,
Strba,Slovakia,midfielder,267,2,137,5,0,0.51,,,,,,
Yebda,Algeria,midfielder,269,8,138,10,0,0.51,,,,,,
Baptista,Brazil,midfielder,82,0,42,1,0,0.51,,,,,,
Robinho,Brazil,forward,354,9,181,5,0,0.51,,,,,,
Clichy,France,defender,90,0,46,2,0,0.51,,,,,,
Evra,France,defender,180,0,92,4,0,0.51,,,,,,
Cannavaro,Italy,defender,270,0,138,11,0,0.51,,,,,,
Kim Jung-Woo,South Korea,midfielder,360,4,184,10,0,0.51,,,,,,
Inler,Switzerland,midfielder,270,2,138,6,0,0.51,,,,,,
Kader Keita,Ivory Coast,midfielder,94,2,48,2,0,0.51,,,,,,
Malouda,France,midfielder,150,4,76,1,0,0.51,,,,,,
Criscito,Italy,defender,225,1,114,6,0,0.51,,,,,,
Tevez,Argentina,forward,324,6,164,7,0,0.51,,,,,,
Moore,Australia,defender,180,1,91,3,0,0.51,,,,,,
Abidal,France,defender,180,0,91,6,0,0.51,,,,,,
Ramires,Brazil,midfielder,105,3,53,3,0,0.50,,,,,,
Emana,Cameroon,midfielder,117,7,59,2,0,0.50,,,,,,
Moreno,Mexico,defender,147,0,74,4,0,0.50,,,,,,
Badstuber,Germany,defender,167,0,84,6,0,0.50,,,,,,
Eboue,Ivory Coast,defender,251,3,126,6,0,0.50,,,,,,
van Bronckhorst,Netherlands,defender,540,1,271,10,0,0.50,,,,,,
Neill,Australia,defender,270,1,135,4,0,0.50,,,,,,
Mbia,Cameroon,defender,270,3,135,4,0,0.50,,,,,,
Jakubko,Slovakia,forward,2,0,1,0,0,0.50,,,,,,
Pienaar,South Africa,midfielder,252,2,126,3,0,0.50,,,,,,
Tshabalala,South Africa,midfielder,270,9,135,8,0,0.50,,,,,,
Eguren,Uruguay,midfielder,2,0,1,0,0,0.50,,,,,,
Holden,USA,midfielder,4,0,2,0,0,0.50,,,,,,
Juan,Brazil,defender,450,4,223,9,0,0.50,,,,,,
Lucio,Brazil,defender,450,1,223,14,0,0.50,,,,,,
Riveros,Paraguay,midfielder,480,5,236,22,0,0.49,,,,,,
Katsouranis,Greece,midfielder,234,2,115,4,0,0.49,,,,,,
Burdisso,Argentina,defender,341,1,167,1,0,0.49,,,,,,
Da Silva,Paraguay,defender,480,1,235,11,0,0.49,,,,,,
Quagliarella,Italy,forward,45,3,22,2,0,0.49,,,,,,
Ayila Yussuf,Nigeria,midfielder,90,0,44,1,0,0.49,,,,,,
Caniza,Paraguay,defender,90,4,44,1,0,0.49,,,,,,
Pantsil,Ghana,defender,510,2,248,7,0,0.49,,,,,,
Glen Johnson,England,defender,357,3,173,17,0,0.48,,,,,,
Demichelis,Argentina,defender,450,1,218,7,0,0.48,,,,,,
Gargano,Uruguay,midfielder,91,0,44,1,0,0.48,,,,,,
Salcido,Mexico,defender,360,9,174,15,0,0.48,,,,,,
Radosavljevic,Slovenia,midfielder,267,1,129,6,0,0.48,,,,,,
Salata,Slovakia,defender,83,1,40,2,0,0.48,,,,,,
Kuyt,Netherlands,forward,516,11,248,7,0,0.48,,,,,,
Carvalho,Portugal,defender,360,2,173,11,0,0.48,,,,,,
Caceres,Paraguay,midfielder,354,1,170,17,0,0.48,,,,,,
Heitinga,Netherlands,defender,540,0,259,10,0,0.48,,,,,,
Geremi,Cameroon,defender,195,1,93,1,0,0.48,,,,,,
Puyol,Spain,defender,534,3,254,8,0,0.48,,,,,,
Masilela,South Africa,defender,225,0,107,6,0,0.48,,,,,,
Marchisio,Italy,midfielder,120,0,57,2,0,0.48,,,,,,
Van der Vaart,Netherlands,midfielder,257,8,122,4,0,0.47,,,,,,
Boateng,Ghana,midfielder,464,12,220,20,0,0.47,,,,,,
Zambrotta,Italy,defender,270,2,128,6,0,0.47,,,,,,
Guedioura,Algeria,midfielder,38,0,18,1,0,0.47,,,,,,
Subotic,Serbia,defender,104,0,49,3,0,0.47,,,,,,
Ninis,Greece,midfielder,47,1,22,4,0,0.47,,,,,,
Meireles,Portugal,midfielder,329,6,154,9,0,0.47,,,,,,
Jensen,Denmark,midfielder,45,0,21,2,0,0.47,,,,,,
Maggio,Italy,defender,45,0,21,1,0,0.47,,,,,,
Obradovic,Serbia,defender,90,1,42,2,0,0.47,,,,,,
Fernandez,Chile,midfielder,155,1,72,2,0,0.46,,,,,,
Yakin,Switzerland,midfielder,56,3,26,0,0,0.46,,,,,,
Sagna,France,defender,270,0,125,4,0,0.46,,,,,,
Jorgensen,Denmark,midfielder,169,1,78,8,0,0.46,,,,,,
Cherundolo,USA,defender,390,1,180,10,0,0.46,,,,,,
Bruno Alves,Portugal,defender,360,1,166,5,0,0.46,,,,,,
Idrissou,Cameroon,forward,50,2,23,1,0,0.46,,,,,,
Barnetta,Switzerland,midfielder,227,3,104,5,0,0.46,,,,,,
Wilkshire,Australia,midfielder,256,2,117,8,0,0.46,,,,,,
Medel,Chile,defender,270,1,123,7,0,0.46,,,,,,
Tiene,Ivory Coast,defender,180,1,82,7,0,0.46,,,,,,
Ahn Young-Hak,North Korea,midfielder,270,1,123,11,0,0.46,,,,,,
Lee Jung-Soo,South Korea,defender,360,2,164,8,0,0.46,,,,,,
Eriksen,Denmark,midfielder,44,1,20,1,0,0.45,,,,,,
Brockie,New Zealand,midfielder,11,0,5,0,0,0.45,,,,,,
Friedrich,Germany,defender,540,1,244,16,0,0.45,,,,,,
Boulahrouz,Netherlands,defender,180,0,81,8,0,0.45,,,,,,
Elia,Netherlands,forward,85,2,38,2,0,0.45,,,,,,
Asamoah,Ghana,midfielder,480,11,214,9,0,0.45,,,,,,
Agger,Denmark,defender,270,2,120,10,0,0.44,,,,,,
Pepe,Italy,forward,225,3,100,5,0,0.44,,,,,,
Yano,Japan,forward,9,0,4,0,0,0.44,,,,,,
Lee Young-Pyo,South Korea,defender,360,2,160,2,0,0.44,,,,,,
Perez,Uruguay,midfielder,567,2,252,34,0,0.44,,,,,,
Pa Gaxa,South Africa,defender,215,1,95,2,0,0.44,,,,,,
Kim Nam-Il,South Korea,midfielder,86,2,38,6,0,0.44,,,,,,
Durica,Slovakia,defender,360,1,159,4,0,0.44,,,,,,
Alcaraz,Paraguay,defender,390,1,172,13,0,0.44,,,,,,
Elliott,New Zealand,midfielder,270,1,119,7,0,0.44,,,,,,
Ayew,Ghana,midfielder,389,3,170,15,0,0.44,,,,,,
Bassong,Cameroon,defender,163,0,71,3,0,0.44,,,,,,
Boateng,Germany,defender,287,1,125,10,0,0.44,,,,,,
Gutierrez,Argentina,midfielder,191,0,83,11,0,0.43,,,,,,
Seitaridis,Greece,defender,90,0,39,6,0,0.43,,,,,,
Sibaya,South Africa,midfielder,90,1,39,2,0,0.43,,,,,,
Estrada,Chile,midfielder,37,1,16,2,0,0.43,,,,,,
Mueller,Germany,forward,383,7,165,9,0,0.43,,,,,,
Feilhaber,USA,midfielder,165,3,71,5,0,0.43,,,,,,
Assou-Ekotto,Cameroon,defender,270,0,116,5,0,0.43,,,,,,
Santa Cruz,Paraguay,forward,312,6,134,1,0,0.43,,,,,,
Christie,New Zealand,midfielder,21,0,9,1,0,0.43,,,,,,
Kim Kum-Il,North Korea,forward,42,0,18,0,0,0.43,,,,,,
Haruna,Nigeria,midfielder,180,1,77,3,0,0.43,,,,,,
Parker,South Africa,forward,75,1,32,2,0,0.43,,,,,,
Ivanovic,Serbia,defender,270,3,115,2,0,0.43,,,,,,
Pak Nam-Chol,North Korea,midfielder,238,1,101,7,0,0.42,,,,,,
Donovan,USA,forward,390,7,165,9,0,0.42,,,,,,
Mauricio Sabilluen,Honduras,defender,90,0,38,5,0,0.42,,,,,,
Fabio Coentrao,Portugal,defender,360,1,152,13,0,0.42,,,,,,
Thwala,South Africa,defender,45,0,19,2,0,0.42,,,,,,
Morel Rodriguez,Paraguay,defender,480,1,202,7,0,0.42,,,,,,
Ponce,Chile,defender,270,2,113,4,0,0.42,,,,,,
Di Maria,Argentina,midfielder,356,7,148,12,0,0.42,,,,,,
Enoh,Cameroon,midfielder,135,2,56,8,0,0.41,,,,,,
Kaka,Brazil,midfielder,337,6,139,2,0,0.41,,,,,,
Crouch,England,forward,17,1,7,0,0,0.41,,,,,,
Abou Diaby,France,midfielder,270,1,111,5,0,0.41,,,,,,
Etuhu,Nigeria,midfielder,270,0,111,5,0,0.41,,,,,,
Ferreira,Portugal,defender,90,0,37,1,0,0.41,,,,,,
Valdivia,Chile,forward,222,3,91,3,0,0.41,,,,,,
Lee Chung-Yong,South Korea,midfielder,359,7,147,12,0,0.41,,,,,,
Cacau,Germany,forward,132,4,54,1,0,0.41,,,,,,
Turcios,Honduras,midfielder,66,0,27,0,0,0.41,,,,,,
Podolski,Germany,forward,531,17,217,9,0,0.41,,,,,,
Elano,Brazil,midfielder,140,5,57,6,0,0.41,,,,,,
Onyewu,USA,defender,170,1,69,2,0,0.41,,,,,,
Jokic,Slovenia,defender,270,0,109,10,0,0.40,,,,,,
Grella,Australia,midfielder,45,0,18,2,0,0.40,,,,,,
Gourcuff,France,midfielder,100,3,40,3,0,0.40,,,,,,
Nam Song-Chol,North Korea,defender,15,0,6,0,0,0.40,,,,,,
Beasley,USA,midfielder,10,0,4,0,0,0.40,,,,,,
Hamsik,Slovakia,midfielder,358,5,143,3,0,0.40,,,,,,
Kadir,Algeria,midfielder,262,0,104,3,0,0.40,,,,,,
Odiah,Nigeria,defender,270,0,107,5,0,0.40,,,,,,
Hong Yong-Jo,North Korea,forward,270,4,107,3,0,0.40,,,,,,
Henry,France,forward,53,1,21,2,0,0.40,,,,,,
Barrera,Mexico,midfielder,149,4,59,2,0,0.40,,,,,,
Ashley Cole,England,defender,360,0,142,12,0,0.39,,,,,,
Stoch,Slovakia,midfielder,193,2,76,1,0,0.39,,,,,,
Kucka,Slovakia,midfielder,181,4,71,10,0,0.39,,,,,,
Cech,Slovakia,defender,90,0,35,2,0,0.39,,,,,,
Cha Du-Ri,South Korea,defender,270,2,105,3,0,0.39,,,,,,
Dindane,Ivory Coast,forward,170,1,66,2,0,0.39,,,,,,
Ziani,Algeria,midfielder,240,5,93,6,0,0.39,,,,,,
Patsatzoglou,Greece,midfielder,80,0,31,0,0,0.39,,,,,,
Llorente,Spain,forward,31,2,12,0,0,0.39,,,,,,
Ribery,France,midfielder,270,4,104,9,0,0.39,,,,,,
Guevara,Honduras,midfielder,156,0,60,6,0,0.38,,,,,,
Bunjaku,Switzerland,forward,13,0,5,0,0,0.38,,,,,,
Ngongca,South Africa,defender,55,0,21,1,0,0.38,,,,,,
Goduen,Uruguay,defender,315,1,120,9,0,0.38,,,,,,
Holosko,Slovakia,forward,29,0,11,1,0,0.38,,,,,,
Boudebouz,Algeria,midfielder,74,3,28,1,0,0.38,,,,,,
Alou Diarra,France,midfielder,82,0,31,0,0,0.38,,,,,,
Endo,Japan,midfielder,389,1,147,9,0,0.38,,,,,,
King,England,defender,45,0,17,0,0,0.38,,,,,,
Squillaci,France,defender,90,0,34,1,0,0.38,,,,,,
Bernardez,Honduras,defender,90,2,34,4,0,0.38,,,,,,
Suler,Slovenia,defender,270,0,102,5,0,0.38,,,,,,
Oh Beom-Seok,South Korea,defender,90,1,34,3,0,0.38,,,,,,
Samuel,Argentina,defender,114,2,43,1,0,0.38,,,,,,
Abdoun,Algeria,midfielder,16,0,6,0,0,0.38,,,,,,
Rukavytsya,Australia,forward,32,1,12,0,0,0.38,,,,,,
Odemwingie,Nigeria,forward,75,0,28,1,0,0.37,,,,,,
Uche,Nigeria,midfielder,196,6,73,2,0,0.37,,,,,,
Kahlenberg,Denmark,midfielder,159,2,59,3,0,0.37,,,,,,
Isla,Chile,defender,332,1,123,10,0,0.37,,,,,,
Addy,Ghana,defender,138,0,51,2,0,0.37,,,,,,
Afolabi,Nigeria,defender,103,0,38,1,0,0.37,,,,,,
Lee Dong-Gook,South Korea,forward,38,1,14,0,0,0.37,,,,,,
Beauchamp,Australia,defender,90,0,33,2,0,0.37,,,,,,
Simon Poulsen,Denmark,midfielder,270,1,99,9,0,0.37,,,,,,
Honda,Japan,midfielder,390,8,143,5,0,0.37,,,,,,
Kaita,Nigeria,midfielder,123,2,45,2,0,0.37,,,,,,
Amoah,Ghana,forward,11,0,4,1,0,0.36,,,,,,
Matavz,Slovenia,forward,11,0,4,0,0,0.36,,,,,,
Milito,Argentina,forward,91,0,33,0,0,0.36,,,,,,
Chipperfield,Australia,midfielder,138,2,50,3,0,0.36,,,,,,
Sarpei,Ghana,defender,463,0,167,13,0,0.36,,,,,,
Bonet,Paraguay,midfielder,300,0,108,4,0,0.36,,,,,,
Bornstein,USA,defender,200,2,72,5,0,0.36,,,,,,
Di Natale,Italy,forward,153,6,55,2,0,0.36,,,,,,
Forlan,Uruguay,forward,564,18,202,0,0,0.36,,,,,,
Bresciano,Australia,midfielder,132,3,47,1,0,0.36,,,,,,
Gallas,France,defender,270,0,96,2,0,0.36,,,,,,
Zokora,Ivory Coast,midfielder,270,0,96,5,0,0.36,,,,,,
Caceres,Uruguay,defender,90,0,32,4,0,0.36,,,,,,
Holman,Australia,forward,138,3,49,2,0,0.36,,,,,,
Rooney,England,forward,342,8,121,2,0,0.35,,,,,,
Torres,Paraguay,defender,82,2,29,1,0,0.35,,,,,,
Vicelich,New Zealand,defender,249,1,88,4,0,0.35,,,,,,
Park Ji-Sung,South Korea,midfielder,360,5,127,13,0,0.35,,,,,,
Danny,Portugal,forward,176,1,62,7,0,0.35,,,,,,
Jacobsen,Denmark,defender,270,0,95,3,0,0.35,,,,,,
Brecko,Slovenia,defender,270,1,95,5,0,0.35,,,,,,
Dempsey,USA,midfielder,390,15,137,6,0,0.35,,,,,,
Zabavnuek,Slovakia,defender,268,1,94,8,0,0.35,,,,,,
Emerton,Australia,midfielder,254,1,89,3,0,0.35,,,,,,
Simao,Portugal,midfielder,217,2,76,7,0,0.35,,,,,,
Jonathan Mensah,Ghana,defender,300,2,105,6,0,0.35,,,,,,
Kacar,Serbia,midfielder,20,1,7,1,0,0.35,,,,,,
Nunez,Honduras,midfielder,172,4,60,1,0,0.35,,,,,,
Halliche,Algeria,defender,270,2,94,4,0,0.35,,,,,,
Figueroa,Honduras,defender,270,1,94,5,0,0.35,,,,,,
Matsui,Japan,midfielder,273,3,95,4,0,0.35,,,,,,
Aboubakar,Cameroon,forward,46,2,16,0,0,0.35,,,,,,
Victor Obinna,Nigeria,forward,72,3,25,4,0,0.35,,,,,,
Cavani,Uruguay,forward,435,9,151,11,0,0.35,,,,,,
Clark,USA,midfielder,121,0,42,4,0,0.35,,,,,,
Mun In-Guk,North Korea,midfielder,205,2,71,7,0,0.35,,,,,,
Pekaruek,Slovakia,defender,270,0,93,8,0,0.34,,,,,,
Walter Martinez,Honduras,forward,125,0,43,1,0,0.34,,,,,,
Barreto,Paraguay,midfielder,111,2,38,3,0,0.34,,,,,,
Alvaro Pereira,Uruguay,midfielder,409,6,140,17,0,0.34,,,,,,
Arevalo Rios,Uruguay,midfielder,570,5,195,21,0,0.34,,,,,,
Nelsen,New Zealand,defender,270,0,92,1,0,0.34,,,,,,
Kirm,Slovenia,midfielder,259,1,88,4,0,0.34,,,,,,
Lodeiro,Uruguay,midfielder,109,0,37,1,0,0.34,,,,,,
von Bergen,Switzerland,defender,234,0,79,3,0,0.34,,,,,,
Sanchez,Chile,forward,335,7,113,13,0,0.34,,,,,,
Huggel,Switzerland,midfielder,258,0,87,8,0,0.34,,,,,,
Vittek,Slovakia,forward,353,10,118,0,0,0.33,,,,,,
Garcia,Australia,midfielder,72,2,24,3,0,0.33,,,,,,
Wilson Palacios,Honduras,midfielder,270,0,90,14,0,0.33,,,,,,
Demel,Ivory Coast,defender,180,0,60,6,0,0.33,,,,,,
Hasebe,Japan,midfielder,375,2,125,8,0,0.33,,,,,,
Ooijer,Netherlands,defender,90,0,30,2,0,0.33,,,,,,
Reid,New Zealand,defender,270,2,90,10,0,0.33,,,,,,
Vera,Paraguay,midfielder,414,5,138,14,0,0.33,,,,,,
Bocanegra,USA,defender,390,1,130,9,0,0.33,,,,,,
Inkoom,Ghana,defender,187,1,62,3,0,0.33,,,,,,
Marcus Tulio Tanaka,Japan,defender,390,5,129,5,0,0.33,,,,,,
Demerit,USA,defender,390,2,129,7,0,0.33,,,,,,
Gervinho,Ivory Coast,forward,182,5,60,1,0,0.33,,,,,,
Bougherra,Algeria,defender,270,1,89,11,0,0.33,,,,,,
Eto'o,Cameroon,forward,270,4,89,3,0,0.33,,,,,,
Vintra,Greece,defender,270,0,89,4,0,0.33,,,,,,
Cesar,Slovenia,defender,270,1,89,2,0,0.33,,,,,,
Echiejile,Nigeria,defender,67,0,22,1,0,0.33,,,,,,
Kolo Toure,Ivory Coast,defender,270,2,88,2,0,0.33,,,,,,
Wright-Phillips,England,midfielder,89,2,29,2,0,0.33,,,,,,
Thomas,Honduras,midfielder,114,0,37,5,0,0.32,,,,,,
Victorino,Uruguay,defender,435,0,141,7,0,0.32,,,,,,
Tamada,Japan,forward,28,0,9,0,0,0.32,,,,,,
Tosic,Serbia,midfielder,28,3,9,0,0,0.32,,,,,,
Yeom Ki-Hun,South Korea,midfielder,249,2,80,6,0,0.32,,,,,,
Villa,Spain,forward,529,22,169,2,0,0.32,,,,,,
Maxi Pereira,Uruguay,midfielder,570,5,182,15,0,0.32,,,,,,
Lazovic,Serbia,forward,44,1,14,0,0,0.32,,,,,,
Obasi,Nigeria,forward,195,6,62,8,0,0.32,,,,,,
Alvarez,Honduras,midfielder,180,1,57,1,0,0.32,,,,,,
Anelka,France,forward,117,7,37,1,0,0.32,,,,,,
Pepe,Portugal,midfielder,136,1,43,3,0,0.32,,,,,,
Gomez,Germany,forward,57,2,18,0,0,0.32,,,,,,
Kanu,Nigeria,forward,57,0,18,0,0,0.32,,,,,,
Torosidis,Greece,defender,235,3,74,5,0,0.31,,,,,,
Contreras,Chile,defender,54,0,17,1,0,0.31,,,,,,
Kalou,Ivory Coast,forward,160,4,50,3,0,0.31,,,,,,
Kim Yong-Jun,North Korea,midfielder,32,1,10,0,0,0.31,,,,,,
Weiss,Slovakia,midfielder,269,2,84,2,0,0.31,,,,,,
Carney,Australia,defender,180,0,56,4,0,0.31,,,,,,
Fucile,Uruguay,defender,371,2,115,14,0,0.31,,,,,,
Almeida,Portugal,forward,136,5,42,3,0,0.31,,,,,,
Cho Yong-Hyung,South Korea,defender,360,0,111,10,0,0.31,,,,,,
Milner,England,midfielder,185,1,57,6,0,0.31,,,,,,
Buddle,USA,forward,39,1,12,0,0,0.31,,,,,,
Mokoena,South Africa,defender,270,0,83,5,0,0.31,,,,,,
Grichting,Switzerland,defender,270,1,82,6,0,0.30,,,,,,
Robben,Netherlands,forward,267,6,81,5,0,0.30,,,,,,
Gyan,Ghana,forward,501,27,151,1,0,0.30,,,,,,
Benitez,Paraguay,forward,83,2,25,2,0,0.30,,,,,,
Heskey,England,forward,176,2,53,7,0,0.30,,,,,,
Fuentes,Chile,defender,90,0,27,3,0,0.30,,,,,,
Gonzalez,Chile,midfielder,138,10,41,6,0,0.30,,,,,,
Lichtsteiner,Switzerland,defender,270,2,80,10,0,0.30,,,,,,
Komano,Japan,defender,390,3,115,16,0,0.29,,,,,,
Giovani dos Santos,Mexico,midfielder,360,2,106,4,0,0.29,,,,,,
Yahia,Algeria,defender,269,1,79,4,0,0.29,,,,,,
Bertos,New Zealand,midfielder,270,0,79,5,0,0.29,,,,,,
Smith,New Zealand,defender,270,1,79,2,0,0.29,,,,,,
Kewell,Australia,midfielder,24,0,7,1,0,0.29,,,,,,
Cha Jong-Hyok,North Korea,defender,255,4,74,5,0,0.29,,,,,,
Tomasson,Denmark,forward,176,7,51,1,0,0.29,,,,,,
Bendtner,Denmark,forward,242,4,70,0,0,0.29,,,,,,
Barrios,Paraguay,forward,308,6,89,2,0,0.29,,,,,,
Suazo,Chile,forward,135,4,39,1,0,0.29,,,,,,
Gattuso,Italy,midfielder,45,0,13,5,0,0.29,,,,,,
Veruen,Paraguay,defender,90,0,26,3,0,0.29,,,,,,
Abe,Japan,midfielder,351,0,101,14,0,0.29,,,,,,
Gronkjaer,Denmark,midfielder,101,1,29,3,0,0.29,,,,,,
Zigic,Serbia,forward,227,5,65,2,0,0.29,,,,,,
Nkufo,Switzerland,forward,227,2,65,2,0,0.29,,,,,,
Beckmann,Denmark,midfielder,28,0,8,0,0,0.29,,,,,,
Izaguirre,Honduras,defender,180,0,51,8,0,0.28,,,,,,
Mendoza,Honduras,defender,180,0,51,3,0,0.28,,,,,,
Lennon,England,midfielder,153,0,43,1,0,0.28,,,,,,
Suarez,Uruguay,forward,452,19,127,4,0,0.28,,,,,,
Franco,Mexico,forward,253,4,71,2,0,0.28,,,,,,
Orellana,Chile,forward,25,1,7,0,0,0.28,,,,,,
Taiwo,Nigeria,defender,129,3,36,4,0,0.28,,,,,,
Beausejour,Chile,midfielder,360,2,100,7,0,0.28,,,,,,
Ri Jun-Il,North Korea,defender,270,1,75,2,0,0.28,,,,,,
Benaglio,Switzerland,goalkeeper,270,0,75,0,11,0.28,,,,,,
Park Chu-Young,South Korea,forward,347,14,96,0,0,0.28,,,,,,
Stekelenburg,Netherlands,goalkeeper,540,0,149,0,15,0.28,,,,,,
Rommedahl,Denmark,midfielder,270,4,74,5,0,0.27,,,,,,
Khumalo,South Africa,defender,270,2,74,4,0,0.27,,,,,,
Gilardino,Italy,forward,117,1,32,0,0,0.27,,,,,,
Higuain,Argentina,forward,341,13,93,5,0,0.27,,,,,,
Adiyiah,Ghana,forward,33,0,9,0,0,0.27,,,,,,
Nakazawa,Japan,defender,390,1,106,3,0,0.27,,,,,,
Ji Yun-Nam,North Korea,midfielder,270,3,73,11,0,0.27,,,,,,
Fallon,New Zealand,forward,222,1,60,1,0,0.27,,,,,,
Cahill,Australia,midfielder,146,6,39,1,0,0.27,,,,,,
Matmour,Algeria,midfielder,255,3,68,3,0,0.27,,,,,,
James,England,goalkeeper,270,0,72,0,6,0.27,,,,,,
Vorsah,Ghana,defender,210,1,56,2,0,0.27,,,,,,
Espinoza,Honduras,midfielder,135,0,36,4,0,0.27,,,,,,
Jovanovic,Serbia,midfielder,245,4,65,2,0,0.27,,,,,,
Fernandes,Switzerland,midfielder,212,1,56,7,0,0.26,,,,,,
Ziegler,Switzerland,defender,270,1,71,9,0,0.26,,,,,,
Dedic,Slovenia,forward,84,0,22,1,0,0.26,,,,,,
Cardozo,Paraguay,forward,204,3,53,2,0,0.26,,,,,,
Avraam Papadopoulos,Greece,defender,270,1,70,8,0,0.26,,,,,,
Kennedy,Australia,forward,112,3,29,1,0,0.26,,,,,,
Choupo-Moting,Cameroon,forward,147,2,38,1,0,0.26,,,,,,
John Mensah,Ghana,defender,420,1,108,10,0,0.26,,,,,,
Duda,Portugal,defender,70,0,18,2,0,0.26,,,,,,
Kengo Nakamura,Japan,midfielder,39,0,10,0,0,0.26,,,,,,
Kolarov,Serbia,defender,180,2,46,8,0,0.26,,,,,,
Ronaldo,Portugal,forward,360,18,91,3,0,0.25,,,,,,
Novakovic,Slovenia,forward,270,2,68,1,0,0.25,,,,,,
Vela,Mexico,forward,100,1,25,1,0,0.25,,,,,,
Huntelaar,Netherlands,forward,48,1,12,0,0,0.25,,,,,,
Killen,New Zealand,forward,240,3,60,7,0,0.25,,,,,,
Senderos,Switzerland,defender,36,0,9,1,0,0.25,,,,,,
Krasic,Serbia,midfielder,242,3,60,2,0,0.25,,,,,,
Derdiyok,Switzerland,forward,191,4,47,1,0,0.25,,,,,,
Ricardo Costa,Portugal,defender,179,0,44,9,0,0.25,,,,,,
Handanovic,Slovenia,goalkeeper,270,0,66,0,13,0.24,,,,,,
Wood,New Zealand,forward,66,1,16,0,0,0.24,,,,,,
Kapetanos,Greece,forward,29,1,7,0,0,0.24,,,,,,
Findley,USA,forward,167,1,40,0,0,0.24,,,,,,
Paston,New Zealand,goalkeeper,270,0,64,0,9,0.24,,,,,,
Mucha,Slovakia,goalkeeper,360,0,85,0,14,0.24,,,,,,
Jozy Altidore,USA,forward,356,8,84,2,0,0.24,,,,,,
Birsa,Slovenia,midfielder,261,6,61,5,0,0.23,,,,,,
Green,England,goalkeeper,90,0,21,0,3,0.23,,,,,,
Santana,Paraguay,midfielder,120,2,28,7,0,0.23,,,,,,
Klose,Germany,forward,356,11,83,4,0,0.23,,,,,,
Webo,Cameroon,forward,168,4,39,3,0,0.23,,,,,,
Scotti,Uruguay,defender,95,0,22,5,0,0.23,,,,,,
Salpingidis,Greece,forward,121,3,28,4,0,0.23,,,,,,
Yobo,Nigeria,defender,225,0,52,2,0,0.23,,,,,,
Chavez,Honduras,defender,270,0,62,3,0,0.23,,,,,,
Tagoe,Ghana,forward,210,3,48,1,0,0.23,,,,,,
Kjaer,Denmark,defender,180,1,41,3,0,0.23,,,,,,
Nomvete,South Africa,forward,22,0,5,1,0,0.23,,,,,,
Fernandez,Uruguay,midfielder,75,1,17,3,0,0.23,,,,,,
Jerry Palacios,Honduras,forward,84,0,19,0,0,0.23,,,,,,
Shittu,Nigeria,defender,270,0,61,5,0,0.23,,,,,,
van Persie,Netherlands,forward,479,14,108,1,0,0.23,,,,,,
Martins,Nigeria,forward,71,2,16,0,0,0.23,,,,,,
Liedson,Portugal,forward,121,4,27,2,0,0.22,,,,,,
Kyrgiakos,Greece,defender,180,4,40,1,0,0.22,,,,,,
Mphela,South Africa,forward,270,10,60,2,0,0.22,,,,,,
Jendrisek,Slovakia,forward,250,3,55,4,0,0.22,,,,,,
Hernandez,Mexico,forward,169,6,37,1,0,0.22,,,,,,
Smeltz,New Zealand,forward,270,5,59,5,0,0.22,,,,,,
Ri Kwang-Chon,North Korea,defender,270,1,59,4,0,0.22,,,,,,
Govou,France,forward,162,1,35,4,0,0.22,,,,,,
Jong Tae-Se,North Korea,forward,270,13,58,2,0,0.21,,,,,,
Bong,Cameroon,defender,56,0,12,0,0,0.21,,,,,,
Fabiano,Brazil,forward,418,9,89,4,0,0.21,,,,,,
Samaras,Greece,forward,202,7,43,1,0,0.21,,,,,,
Pantelic,Serbia,forward,113,3,24,1,0,0.21,,,,,,
Gomez,USA,forward,85,4,18,0,0,0.21,,,,,,
Abreu,Uruguay,forward,72,0,15,0,0,0.21,,,,,,
Ljubijankic,Slovenia,forward,173,2,36,2,0,0.21,,,,,,
Howard,USA,goalkeeper,390,0,81,0,14,0.21,,,,,,
Pak Chol-Jin,North Korea,defender,270,0,56,4,0,0.21,,,,,,
Marin,Germany,midfielder,29,1,6,0,0,0.21,,,,,,
Pazzini,Italy,forward,29,0,6,0,0,0.21,,,,,,
Villar,Paraguay,goalkeeper,480,0,99,0,10,0.21,,,,,,
Kingson,Ghana,goalkeeper,510,0,105,1,20,0.21,,,,,,
Suazo,Honduras,forward,171,2,35,0,0,0.20,,,,,,
Ghezzal,Algeria,forward,40,3,8,0,0,0.20,,,,,,
Saifi,Algeria,forward,15,1,3,0,0,0.20,,,,,,
Hamidou,Cameroon,goalkeeper,270,0,54,0,9,0.20,,,,,,
Gignac,France,forward,95,3,19,1,0,0.20,,,,,,
Petrovic,Serbia,midfielder,15,1,3,1,0,0.20,,,,,,
Josephs,South Africa,goalkeeper,101,0,20,0,3,0.20,,,,,,
Charisteas,Greece,forward,61,0,12,2,0,0.20,,,,,,
Okubo,Japan,forward,351,7,68,4,0,0.19,,,,,,
Sorensen,Denmark,goalkeeper,270,0,52,0,16,0.19,,,,,,
Stojkovic,Serbia,goalkeeper,270,0,52,0,7,0.19,,,,,,
Pecnik,Slovenia,forward,21,0,4,1,0,0.19,,,,,,
Chaouchi,Algeria,goalkeeper,90,0,17,0,2,0.19,,,,,,
Schwarzer,Australia,goalkeeper,270,0,51,0,13,0.19,,,,,,
Valladares,Honduras,goalkeeper,270,0,51,0,12,0.19,,,,,,
Welcome,Honduras,forward,87,2,16,0,0,0.18,,,,,,
Neuer,Germany,goalkeeper,540,0,99,0,20,0.18,,,,,,
Gilberto,Brazil,defender,33,0,6,4,0,0.18,,,,,,
Doumbia,Ivory Coast,forward,11,0,2,0,0,0.18,,,,,,
Torres,Spain,forward,278,9,50,0,0,0.18,,,,,,
Enevoldsen,Denmark,midfielder,56,2,10,0,0,0.18,,,,,,
Iaquinta,Italy,forward,270,5,48,3,0,0.18,,,,,,
Bautista,Mexico,forward,45,0,8,3,0,0.18,,,,,,
Sestak,Slovakia,forward,152,3,27,1,0,0.18,,,,,,
Rigobert Song,Cameroon,defender,17,0,3,0,0,0.18,,,,,,
Frei,Switzerland,forward,63,2,11,0,0,0.17,,,,,,
Nagatomo,Japan,defender,390,4,68,4,0,0.17,,,,,,
Lochhead,New Zealand,defender,270,0,47,5,0,0.17,,,,,,
Yakubu,Nigeria,forward,250,6,43,2,0,0.17,,,,,,
Drogba,Ivory Coast,forward,204,8,35,2,0,0.17,,,,,,
Ri Myong-Guk,North Korea,goalkeeper,270,0,46,0,19,0.17,,,,,,
Valdez,Paraguay,forward,337,8,57,9,0,0.17,,,,,,
Lugano,Uruguay,defender,398,2,67,6,0,0.17,,,,,,
M'Bolhi,Algeria,goalkeeper,180,0,30,0,12,0.17,,,,,,
Bravo,Chile,goalkeeper,360,0,58,0,4,0.16,,,,,,
Perez,Mexico,goalkeeper,360,0,58,0,13,0.16,,,,,,
Lloris,France,goalkeeper,270,0,43,0,12,0.16,,,,,,
Paredes,Chile,forward,70,3,11,5,0,0.16,,,,,,
Djebbour,Algeria,forward,123,3,19,1,0,0.15,,,,,,
Gekas,Greece,forward,169,3,26,0,0,0.15,,,,,,
Julio Cesar,Brazil,goalkeeper,450,0,69,0,10,0.15,,,,,,
Tzorvas,Greece,goalkeeper,270,0,41,0,12,0.15,,,,,,
Pavon,Honduras,forward,60,1,9,0,0,0.15,,,,,,
Larsen,Denmark,forward,34,2,5,0,0,0.15,,,,,,
Khune,South Africa,goalkeeper,166,1,24,0,4,0.14,,,,,,
Okazaki,Japan,forward,104,4,15,2,0,0.14,,,,,,
Papastathopoulos,Greece,defender,127,0,18,10,0,0.14,,,,,,
Eduardo,Portugal,goalkeeper,360,0,51,0,17,0.14,,,,,,
Nilmar,Brazil,forward,129,5,18,3,0,0.14,,,,,,
Kawashima,Japan,goalkeeper,390,0,54,0,17,0.14,,,,,,
Jung Sung-Ryong,South Korea,goalkeeper,360,0,49,0,14,0.14,,,,,,
Spiropoulos,Greece,defender,45,1,6,2,0,0.13,,,,,,
Muslera,Uruguay,goalkeeper,570,0,75,0,16,0.13,,,,,,
Behrami,Switzerland,midfielder,31,0,4,1,0,0.13,,,,,,
Cisse,France,forward,55,3,7,1,0,0.13,,,,,,
Marchena,Spain,defender,8,0,1,0,0,0.13,,,,,,
Casillas,Spain,goalkeeper,540,0,67,0,11,0.12,,,,,,
Kleberson,Brazil,midfielder,9,0,1,0,0,0.11,,,,,,
Enyeama,Nigeria,goalkeeper,270,0,30,0,20,0.11,,,,,,
Romero,Argentina,goalkeeper,450,0,47,0,10,0.10,,,,,,
Defoe,England,forward,173,5,17,1,0,0.10,,,,,,
Marchetti,Italy,goalkeeper,225,0,21,0,1,0.09,,,,,,
Buffon,Italy,goalkeeper,45,0,4,0,0,0.09,,,,,,
Barry,Ivory Coast,goalkeeper,270,0,23,0,8,0.09,,,,,,
Moras,Greece,defender,90,0,4,2,0,0.04,,,,,,
Konno,Japan,defender,2,0,0,0,0,0.00,,,,,,
Barron,New Zealand,midfielder,1,0,0,0,0,0.00,,,,,,
Petras,Slovakia,defender,1,0,0,0,0,0.00,,,,,,
Kim Dong-Jin,South Korea,defender,1,0,0,0,0,0.00,,,,,,
Lee Seung-Yeoul,South Korea,forward,3,0,0,0,0,0.00,,,,,,
Eggimann,Switzerland,defender,1,0,0,0,0,0.00,,,,,,
