surname,"team containing ""ai""",position,minutes,shots,passes,tackles,saves,"player on a team with ""ia"" in the team name played
less than 200 minutes and made more than 100 passes",,,"What player on a team with ""ia"" in the team name played less than 200 minutes and made more than 100 passes"
Abdoun,Algeria,midfielder,16,0,6,0,0,FALSE,,,
Belhadj,Algeria,defender,270,1,146,8,0,FALSE,,,Kuzmanovic
Boudebouz,Algeria,midfielder,74,3,28,1,0,FALSE,,,
Bougherra,Algeria,defender,270,1,89,11,0,FALSE,,,
Chaouchi,Algeria,goalkeeper,90,0,17,0,2,FALSE,,,
Djebbour,Algeria,forward,123,3,19,1,0,FALSE,,,
Ghezzal,Algeria,forward,40,3,8,0,0,FALSE,,,
Guedioura,Algeria,midfielder,38,0,18,1,0,FALSE,,,
Halliche,Algeria,defender,270,2,94,4,0,FALSE,,,
Kadir,Algeria,midfielder,262,0,104,3,0,FALSE,,,
Lacen,Algeria,midfielder,270,0,158,8,0,FALSE,,,
M'Bolhi,Algeria,goalkeeper,180,0,30,0,12,FALSE,,,
Matmour,Algeria,midfielder,255,3,68,3,0,FALSE,,,
Mesbah,Algeria,midfielder,1,0,1,0,0,FALSE,,,
Saifi,Algeria,forward,15,1,3,0,0,FALSE,,,
Yahia,Algeria,defender,269,1,79,4,0,FALSE,,,
Yebda,Algeria,midfielder,269,8,138,10,0,FALSE,,,
Ziani,Algeria,midfielder,240,5,93,6,0,FALSE,,,
Beauchamp,Australia,defender,90,0,33,2,0,FALSE,,,
Bresciano,Australia,midfielder,132,3,47,1,0,FALSE,,,
Cahill,Australia,midfielder,146,6,39,1,0,FALSE,,,
Carney,Australia,defender,180,0,56,4,0,FALSE,,,
Chipperfield,Australia,midfielder,138,2,50,3,0,FALSE,,,
Culina,Australia,midfielder,270,4,153,0,0,FALSE,,,
Emerton,Australia,midfielder,254,1,89,3,0,FALSE,,,
Garcia,Australia,midfielder,72,2,24,3,0,FALSE,,,
Grella,Australia,midfielder,45,0,18,2,0,FALSE,,,
Holman,Australia,forward,138,3,49,2,0,FALSE,,,
Jedinak,Australia,midfielder,16,0,15,0,0,FALSE,,,
Kennedy,Australia,forward,112,3,29,1,0,FALSE,,,
Kewell,Australia,midfielder,24,0,7,1,0,FALSE,,,
Moore,Australia,defender,180,1,91,3,0,FALSE,,,
Neill,Australia,defender,270,1,135,4,0,FALSE,,,
Rukavytsya,Australia,forward,32,1,12,0,0,FALSE,,,
Schwarzer,Australia,goalkeeper,270,0,51,0,13,FALSE,,,
Valeri,Australia,midfielder,245,0,135,5,0,FALSE,,,
Wilkshire,Australia,midfielder,256,2,117,8,0,FALSE,,,
Afolabi,Nigeria,defender,103,0,38,1,0,FALSE,,,
Ayila Yussuf,Nigeria,midfielder,90,0,44,1,0,FALSE,,,
Echiejile,Nigeria,defender,67,0,22,1,0,FALSE,,,
Enyeama,Nigeria,goalkeeper,270,0,30,0,20,FALSE,,,
Etuhu,Nigeria,midfielder,270,0,111,5,0,FALSE,,,
Haruna,Nigeria,midfielder,180,1,77,3,0,FALSE,,,
Kaita,Nigeria,midfielder,123,2,45,2,0,FALSE,,,
Kanu,Nigeria,forward,57,0,18,0,0,FALSE,,,
Martins,Nigeria,forward,71,2,16,0,0,FALSE,,,
Obasi,Nigeria,forward,195,6,62,8,0,FALSE,,,
Odemwingie,Nigeria,forward,75,0,28,1,0,FALSE,,,
Odiah,Nigeria,defender,270,0,107,5,0,FALSE,,,
Shittu,Nigeria,defender,270,0,61,5,0,FALSE,,,
Taiwo,Nigeria,defender,129,3,36,4,0,FALSE,,,
Uche,Nigeria,midfielder,196,6,73,2,0,FALSE,,,
Victor Obinna,Nigeria,forward,72,3,25,4,0,FALSE,,,
Yakubu,Nigeria,forward,250,6,43,2,0,FALSE,,,
Yobo,Nigeria,defender,225,0,52,2,0,FALSE,,,
Ivanovic,Serbia,defender,270,3,115,2,0,FALSE,,,
Jovanovic,Serbia,midfielder,245,4,65,2,0,FALSE,,,
Kacar,Serbia,midfielder,20,1,7,1,0,FALSE,,,
Kolarov,Serbia,defender,180,2,46,8,0,FALSE,,,
Krasic,Serbia,midfielder,242,3,60,2,0,FALSE,,,
Kuzmanovic,Serbia,midfielder,180,4,103,1,0,TRUE,,,
Lazovic,Serbia,forward,44,1,14,0,0,FALSE,,,
Lukovic,Serbia,defender,164,1,98,6,0,FALSE,,,
Milijas,Serbia,midfielder,62,0,35,3,0,FALSE,,,
Ninkovic,Serbia,midfielder,160,1,91,2,0,FALSE,,,
Obradovic,Serbia,defender,90,1,42,2,0,FALSE,,,
Pantelic,Serbia,forward,113,3,24,1,0,FALSE,,,
Petrovic,Serbia,midfielder,15,1,3,1,0,FALSE,,,
Stankovic,Serbia,midfielder,270,3,165,5,0,FALSE,,,
Stojkovic,Serbia,goalkeeper,270,0,52,0,7,FALSE,,,
Subotic,Serbia,defender,104,0,49,3,0,FALSE,,,
Tosic,Serbia,midfielder,28,3,9,0,0,FALSE,,,
Vidic,Serbia,defender,270,2,158,7,0,FALSE,,,
Zigic,Serbia,forward,227,5,65,2,0,FALSE,,,
Cech,Slovakia,defender,90,0,35,2,0,FALSE,,,
Durica,Slovakia,defender,360,1,159,4,0,FALSE,,,
Hamsik,Slovakia,midfielder,358,5,143,3,0,FALSE,,,
Holosko,Slovakia,forward,29,0,11,1,0,FALSE,,,
Jakubko,Slovakia,forward,2,0,1,0,0,FALSE,,,
Jendrisek,Slovakia,forward,250,3,55,4,0,FALSE,,,
Kopunek,Slovakia,midfielder,22,1,17,0,0,FALSE,,,
Kozak,Slovakia,midfielder,90,0,66,3,0,FALSE,,,
Kucka,Slovakia,midfielder,181,4,71,10,0,FALSE,,,
Mucha,Slovakia,goalkeeper,360,0,85,0,14,FALSE,,,
Pekaruek,Slovakia,defender,270,0,93,8,0,FALSE,,,
Petras,Slovakia,defender,1,0,0,0,0,FALSE,,,
Salata,Slovakia,defender,83,1,40,2,0,FALSE,,,
Sapara,Slovakia,midfielder,2,0,5,0,0,FALSE,,,
Sestak,Slovakia,forward,152,3,27,1,0,FALSE,,,
Skrtel,Slovakia,defender,360,0,202,4,0,FALSE,,,
Stoch,Slovakia,midfielder,193,2,76,1,0,FALSE,,,
Strba,Slovakia,midfielder,267,2,137,5,0,FALSE,,,
Vittek,Slovakia,forward,353,10,118,0,0,FALSE,,,
Weiss,Slovakia,midfielder,269,2,84,2,0,FALSE,,,
Zabavnuek,Slovakia,defender,268,1,94,8,0,FALSE,,,
Birsa,Slovenia,midfielder,261,6,61,5,0,FALSE,,,
Brecko,Slovenia,defender,270,1,95,5,0,FALSE,,,
Cesar,Slovenia,defender,270,1,89,2,0,FALSE,,,
Dedic,Slovenia,forward,84,0,22,1,0,FALSE,,,
Handanovic,Slovenia,goalkeeper,270,0,66,0,13,FALSE,,,
Jokic,Slovenia,defender,270,0,109,10,0,FALSE,,,
Kirm,Slovenia,midfielder,259,1,88,4,0,FALSE,,,
Komac,Slovenia,midfielder,4,0,3,1,0,FALSE,,,
Koren,Slovenia,midfielder,270,3,162,3,0,FALSE,,,
Ljubijankic,Slovenia,forward,173,2,36,2,0,FALSE,,,
Matavz,Slovenia,forward,11,0,4,0,0,FALSE,,,
Novakovic,Slovenia,forward,270,2,68,1,0,FALSE,,,
Pecnik,Slovenia,forward,21,0,4,1,0,FALSE,,,
Radosavljevic,Slovenia,midfielder,267,1,129,6,0,FALSE,,,
Suler,Slovenia,defender,270,0,102,5,0,FALSE,,,
